sha256	size_bytes	path
8ae30302f0d53bb03a9d23a47091d3e67839bc9996b586b84fd5e858436bd61a	9236	source/accounts/doctype/dunning/dunning.json
ec95bc1ebeaf4add79e795a4da788392b6a3797557e40fca4124a8b6b8551766	7840	source/accounts/doctype/dunning/dunning.py
e47b4e2e1f59a5db06a6d53ed99b00d0bd7b7b3ce59242cce61f2b0431f44cc7	16987	source/accounts/doctype/journal_entry/journal_entry.json
581e00936ff270cd8691da27da0c6b8309cd6bfb6393d1e52aa8095095adb137	57735	source/accounts/doctype/journal_entry/journal_entry.py
2c85d9b453cb2fac2cdb80c58ec7547a67db2d656c06a2a846e6d7ffbed74613	20485	source/accounts/doctype/payment_entry/payment_entry.json
9e05fc321d42fa30a60e496ee140e5ca64eb076b320bde758fcb2808f93a11ae	113431	source/accounts/doctype/payment_entry/payment_entry.py
eab6a1346b8f8d05ff89402f050b78790e5105b60a9eb5ccb61b314b3ddfab1b	69914	source/accounts/doctype/payment_entry/test_payment_entry.py
8d61833b82754413102fa4aa1ebdcb3b647f779a13efd55ab432b4d97373a856	6202	source/accounts/doctype/payment_reconciliation/payment_reconciliation.json
4f0380337e1427d779bd56afb00add8ab0051c73eb0577289b44cc60d52e4b59	30209	source/accounts/doctype/payment_reconciliation/payment_reconciliation.py
5a98c6380c57b9cd37f3a0834e18f8dcf887aa7eaa3205b99a31d132bd6598d7	80365	source/accounts/doctype/payment_reconciliation/test_payment_reconciliation.py
b260969ea4d021665d54af076e150607e506dd2ad34000ba7dd809e8d58ee609	37	source/accounts/doctype/sales_invoice/README.md
6c18b416253c1540b8dcb634fe6ee601445a0ea359b083c6f396a03b7a5b460b	54852	source/accounts/doctype/sales_invoice/sales_invoice.json
a22a3f14413a472ad101d9cc3769d85d2c78cdc72a3778766a29762cea6314b0	39263	source/accounts/doctype/sales_invoice/sales_invoice.py
1d1a9fbcebfc06ad3f4829033838eb25823dad395b02e342eca7f1a0ed90cf2b	22830	source/accounts/general_ledger.py
34d43105d8520a7a9e0588596787c3f3815d6319499d0f991149c6df22f27e4d	33996	source/accounts/party.py
64a3f913306fdc7b326e267fc967249d22c58ffaff6c6f3b0bebaeb3b5029a0a	655	source/accounts/report/accounts_receivable/accounts_receivable.json
ecb36b39fa824e1638c7acc0194d74e44c1df425c833853bb93126feacc0fd99	43068	source/accounts/report/accounts_receivable/accounts_receivable.py
faf17f794307cb710f05ef8088cb6060d2f6e5761c6a1bca423bb434aebb8b5e	35487	source/accounts/report/accounts_receivable/test_accounts_receivable.py
bb5261ba91f5e7c79afe34ba271503f27850388baa57b416f7ae656610cacd4f	686	source/accounts/report/accounts_receivable_summary/accounts_receivable_summary.json
9cae62e52945079439bf1822fb1b723db5aed3c4b2b9b37996b3fedca7781353	6778	source/accounts/report/accounts_receivable_summary/accounts_receivable_summary.py
8d511b9861b9fd79841b95df560c8fd2d9c936caf87a49e9c3f2422d63c6cc9e	5174	source/accounts/report/accounts_receivable_summary/test_accounts_receivable_summary.py
a34a747ddd85ea9644a9eb5809b8f18d8ab208c91632ed774cd9489a0b5158d8	665	source/accounts/report/general_ledger/general_ledger.json
5a1393b679ed3a7429114d8f532fb89bba9c39fd86ae1cc3e67a27b10f957f30	25193	source/accounts/report/general_ledger/general_ledger.py
a171dd057caf9813c800437503b06919c4d25c08254c64176f43a4fbcbf90f58	9520	source/accounts/report/general_ledger/test_general_ledger.py
135d879842d76a45559d5f39868b7348898b23cb2b1b91e4879f01b95912c7cd	86729	source/accounts/utils.py
5e482e6543030d9498509484ef5ad1fcf8bc80c5650d6bbe1df98ff097ab93a1	2829	source/assets/doctype/asset_maintenance/asset_maintenance.json
fcf333619a20c6a1ff91acd892d1fbd78e4d52d65e0fa00ab47bef68c0b03c68	6395	source/assets/doctype/asset_maintenance/asset_maintenance.py
af94aec40e111d426bd30e54038ad4020881d407c3515423902837ed32983b75	3513	source/assets/doctype/asset_maintenance/test_asset_maintenance.py
fa0c385dc9d08dea99d1bbdbf0920ee0a2e36c81ac1a64ef66e3cdb782ef3ed4	4432	source/assets/doctype/asset_maintenance_log/asset_maintenance_log.json
f596056ab428be90fd091c6884241daff57ac71cc97b7b950c7259e1a52e43fc	3561	source/assets/doctype/asset_maintenance_log/asset_maintenance_log.py
6a5ff8c06feafdb6ebdabef3326120dab34cdc63e4fa40bc5545edb37e337ee3	194	source/assets/doctype/asset_maintenance_log/test_asset_maintenance_log.py
af66d0437223fbd62fd9cc3bd185b5761c79971d8dfcbce70dd182e74dd16203	6957	source/assets/doctype/asset_repair/asset_repair.json
35984024264074ae4b4ed72e253ce8cec8992ba5edc10c584c8f04d98335437a	15962	source/assets/doctype/asset_repair/asset_repair.py
d26448e83d09b4901dab8caed2899b429124218bfcb241f9e9e7319660a4ee15	16563	source/assets/doctype/asset_repair/test_asset_repair.py
7e36f7946dfcdd7465867c80ba13cdbe9daf2b772fce2cb8fbe6ad7d855456af	1834	source/communication/doctype/communication_medium/communication_medium.json
aca6be334a010eeca9555e85b9b340b131d492f4af81c3d0701e364546dc3717	814	source/communication/doctype/communication_medium/communication_medium.py
d5b5605151738e858f5c0d5ad7991b4f87e2f9a811c97d0e61cdcb628c16a726	58200	source/controllers/accounts_controller.py
1be942fa5a43e0d51977228f8ca96117db6650bdec458c27f22e346f7597e9a3	2960	source/crm/doctype/appointment/appointment.json
2149e447223c6fe083904d509b689e3d967e08237f5697a2177d1e4a1f261259	7930	source/crm/doctype/appointment/appointment.py
6bbcd54335d5551b5a0b648ab73b0f82dda0c877ba7d537170981116cf658906	12326	source/crm/doctype/lead/lead.json
2eb38ffc76fb7c81072b4aed443443e1deb9c94d6f36152087da6b418af96d53	11672	source/crm/doctype/lead/lead.py
329c3832d152f9785767894f421b7e6e45d5ec825d402564b1101d4d9bfca735	14558	source/crm/doctype/opportunity/opportunity.json
ff58d836952a244faee7a7d400a3a72e6bb0aacd4ac95f2b27abf6dfc0ca0246	12882	source/crm/doctype/opportunity/opportunity.py
b0ee572b0e999045bb4cb1375735d78e296fe7dc274ec2250532d4f43376cd8d	5615	source/maintenance/doctype/maintenance_schedule/maintenance_schedule.json
5404e1f7bc9bd266e8b4da4f34d2ae144c73be379e0b8dceb5d8ac0aea2982fc	15438	source/maintenance/doctype/maintenance_schedule/maintenance_schedule.py
d1fb54ad231be81ad500ddfcfc04ce76252985542c612e5c70c99b553f7244e0	6949	source/maintenance/doctype/maintenance_schedule/test_maintenance_schedule.py
4bb004cd9145fd1b9c33f2cd7c743e4ab9d6ce80e5bbe4fd7aced4990c43bc77	7058	source/maintenance/doctype/maintenance_visit/maintenance_visit.json
db991c6a542897a0bd8b26b75ff00cc9156ee5182bfcea4d09052ad70847fb00	6918	source/maintenance/doctype/maintenance_visit/maintenance_visit.py
b123a68ce3d5e3ca05041adc8fc1fd85ad0db4978fc81fa91423b37d481270ac	943	source/maintenance/doctype/maintenance_visit/test_maintenance_visit.py
d7bd0ac5627e6bcd1be906241bbf5a6291c2a8e7ef88238650df91cff9436f1c	31004	source/stock/doctype/item/item.json
01f73ca3cf728059df642366cdc99a928ba795e55a55806c1ce4edaf0c753fce	48618	source/stock/doctype/item/item.py
02a9d661af62f65f0a58d41adfec1f6dd6e45a1aa6ae04c5bd49602865088f35	20200	source/stock/doctype/stock_entry/stock_entry.json
5c7028818bea8528fdfa57faeb4ee8c1d6e6eca8e1be0f6da5761ea73f63ec7f	51572	source/stock/doctype/stock_entry/stock_entry.py
2e3c74eb10b3f9c099c0b60098841229fdc706057238d1896f532adc075a25e1	7105	source/stock/doctype/warehouse/warehouse.json
7f0859fb90a619bc76c9f8cfa48dc32f29a4b7f931a0322152ea24e4d36e084e	8481	source/stock/doctype/warehouse/warehouse.py
c0308231c19d0115b82d7845484e5c09eca709e9fdb00e85d4ac2de2ab77052c	563	source/stock/report/stock_balance/stock_balance.json
85b794f85ab448b659455c2809dfde3b2f19dea336749f2651f651fc08bbc4c4	21220	source/stock/report/stock_balance/stock_balance.py
6856adba458662a3909daba8eb24be531a892d602efc17207a7770f4c5c2e9e1	78902	source/stock/stock_ledger.py
